{"cameraMode":{"drawMode":0,"name":"Shaded","section":"Shading Mode"},"sceneLighting":false,"audioPlay":false,"sceneViewState":{"m_AlwaysRefresh":false,"showFog":true,"showSkybox":false,"showFlares":true,"showImageEffects":true,"showParticleSystems":true,"showVisualEffectGraphs":true,"m_FxEnabled":true},"in2DMode":false,"pivot":{"x":-0.000002384185791015625,"y":0.023122310638427736,"z":-0.05684185028076172},"rotation":{"x":-0.3453977406024933,"y":0.41315773129463198,"z":-0.17300553619861604,"w":-0.8247036337852478},"size":8.756745338439942,"orthographic":false}