{"cameraMode":{"drawMode":0,"name":"Shaded","section":"Shading Mode"},"sceneLighting":false,"audioPlay":false,"sceneViewState":{"m_AlwaysRefresh":false,"showFog":true,"showSkybox":false,"showFlares":true,"showImageEffects":true,"showParticleSystems":true,"showVisualEffectGraphs":true,"m_FxEnabled":true},"in2DMode":false,"pivot":{"x":0.0000011920928955078126,"y":0.04188895225524902,"z":-0.024689435958862306},"rotation":{"x":-0.3453977406024933,"y":0.41315773129463198,"z":-0.17300553619861604,"w":-0.8247036337852478},"size":7.917588233947754,"orthographic":false}