{"cameraMode":{"drawMode":0,"name":"Shaded","section":"Shading Mode"},"sceneLighting":false,"audioPlay":false,"sceneViewState":{"m_AlwaysRefresh":false,"showFog":true,"showSkybox":false,"showFlares":true,"showImageEffects":true,"showParticleSystems":true,"showVisualEffectGraphs":true,"m_FxEnabled":true},"in2DMode":false,"pivot":{"x":-0.000006198883056640625,"y":-0.46471524238586428,"z":-0.6224031448364258},"rotation":{"x":-0.18335559964179994,"y":-0.11590021103620529,"z":0.02177848480641842,"w":-0.9759514927864075},"size":9.824441909790039,"orthographic":false}