{"cameraMode":{"drawMode":0,"name":"Shaded","section":"Shading Mode"},"sceneLighting":false,"audioPlay":false,"sceneViewState":{"m_AlwaysRefresh":false,"showFog":true,"showSkybox":false,"showFlares":true,"showImageEffects":true,"showParticleSystems":true,"showVisualEffectGraphs":true,"m_FxEnabled":true},"in2DMode":false,"pivot":{"x":0.48366057872772219,"y":14.293886184692383,"z":-16.306713104248048},"rotation":{"x":0.5237334966659546,"y":0.05711619555950165,"z":-0.035269901156425479,"w":0.8492568135261536},"size":3.244035243988037,"orthographic":false}