{"cameraMode":{"drawMode":0,"name":"Shaded","section":"Shading Mode"},"sceneLighting":false,"audioPlay":false,"sceneViewState":{"m_AlwaysRefresh":false,"showFog":true,"showSkybox":false,"showFlares":true,"showImageEffects":true,"showParticleSystems":true,"showVisualEffectGraphs":true,"m_FxEnabled":true},"in2DMode":false,"pivot":{"x":-3.1117968559265138,"y":0.27048081159591677,"z":0.8061306476593018},"rotation":{"x":-0.009315245784819126,"y":0.7521722316741943,"z":-0.010595721192657948,"w":-0.6588858962059021},"size":3.244035243988037,"orthographic":false}