{"cameraMode":{"drawMode":0,"name":"Shaded","section":"Shading Mode"},"sceneLighting":false,"audioPlay":false,"sceneViewState":{"m_AlwaysRefresh":false,"showFog":true,"showSkybox":false,"showFlares":true,"showImageEffects":true,"showParticleSystems":true,"showVisualEffectGraphs":true,"m_FxEnabled":true},"in2DMode":false,"pivot":{"x":0.0000133514404296875,"y":0.1985158920288086,"z":0.17683029174804688},"rotation":{"x":-0.18335559964179994,"y":-0.11590021103620529,"z":0.02177848480641842,"w":-0.9759514927864075},"size":9.651129722595215,"orthographic":false}