{"cameraMode":{"drawMode":0,"name":"Shaded","section":"Shading Mode"},"sceneLighting":true,"audioPlay":false,"sceneViewState":{"showFog":true,"showMaterialUpdate":false,"showSkybox":true,"showFlares":true,"showImageEffects":true,"showParticleSystems":true},"in2DMode":false,"pivot":{"x":-5.636990070343018,"y":2.253862142562866,"z":-6.122194290161133},"rotation":{"x":0.0004766837228089571,"y":0.9979509711265564,"z":0.007484793663024902,"w":-0.06355733424425125},"size":8.118751525878907,"orthographic":false}