{"cameraMode":{"drawMode":0,"name":"Shaded","section":"Shading Mode"},"sceneLighting":true,"audioPlay":false,"sceneViewState":{"m_AlwaysRefresh":false,"showFog":true,"showSkybox":true,"showFlares":true,"showImageEffects":true,"showParticleSystems":true,"showVisualEffectGraphs":true,"m_FxEnabled":true},"in2DMode":false,"pivot":{"x":2.578902006149292,"y":14.514350891113282,"z":-16.89105224609375},"rotation":{"x":-0.021303581073880197,"y":-0.014700411818921566,"z":0.0003077218134421855,"w":-0.9996761679649353},"size":39.216129302978519,"orthographic":false}