{"cameraMode":{"drawMode":0,"name":"Shaded","section":"Shading Mode"},"sceneLighting":false,"audioPlay":false,"sceneViewState":{"m_AlwaysRefresh":false,"showFog":true,"showSkybox":false,"showFlares":true,"showImageEffects":true,"showParticleSystems":true,"showVisualEffectGraphs":true,"m_FxEnabled":true},"in2DMode":false,"pivot":{"x":-5.542685031890869,"y":3.363901138305664,"z":0.3041343688964844},"rotation":{"x":0.5688633322715759,"y":0.0009482490131631494,"z":-0.0007010708213783801,"w":0.8224581480026245},"size":9.53283405303955,"orthographic":false}