{"cameraMode":{"drawMode":0,"name":"Shaded","section":"Shading Mode"},"sceneLighting":false,"audioPlay":false,"sceneViewState":{"m_AlwaysRefresh":false,"showFog":true,"showSkybox":false,"showFlares":true,"showImageEffects":true,"showParticleSystems":true,"showVisualEffectGraphs":true,"m_FxEnabled":true},"in2DMode":false,"pivot":{"x":-4.5754852294921879,"y":-1.6274628639221192,"z":1.0079317092895508},"rotation":{"x":-0.11401323974132538,"y":0.8721105456352234,"z":-0.24306397140026093,"w":-0.4090810716152191},"size":3.7712953090667726,"orthographic":false}