{"cameraMode":{"drawMode":0,"name":"Shaded","section":"Shading Mode"},"sceneLighting":true,"audioPlay":false,"sceneViewState":{"showFog":true,"showMaterialUpdate":false,"showSkybox":true,"showFlares":true,"showImageEffects":true,"showParticleSystems":true},"in2DMode":false,"pivot":{"x":457.2990417480469,"y":153.73558044433595,"z":-64.48065185546875},"rotation":{"x":0.0029995846562087538,"y":0.01560115721076727,"z":-0.00004917659316561185,"w":0.9998824000358582},"size":680.5533447265625,"orthographic":false}